{
  "project_info": {
    "project_number": "1063594825059",
    "firebase_url": "https://stockmaster1-385cd-default-rtdb.firebaseio.com",
    "project_id": "stockmaster1-385cd",
    "storage_bucket": "stockmaster1-385cd.appspot.com"
  },
  "client": [
    {
      "client_info": {
        "mobilesdk_app_id": "1:1063594825059:android:dcc9edc7801e4aad582f56",
        "android_client_info": {
          "package_name": "com.example.stockmaster"
        }
      },
      "oauth_client": [],
      "api_key": [
        {
          "current_key": "AIzaSyAaATnBVDFVriH7fTW7qgKYqfjZhHxTU84"
        }
      ],
      "services": {
        "appinvite_service": {
          "other_platform_oauth_client": []
        }
      }
    }
  ],
  "configuration_version": "1"
}